ProductID,Exchange,PriceTick,VolumeMultiply,CommissionRateInVolumeForOpen,CommissionRateInMoneyForOpen,CommissionRateInVolumeForClose,CommissionRateInMoneyForClose,CommissionRateInVolumeForCloseToday,CommissionRateInMoneyForCloseToday
zn2312,SHFE,5.0,5,1.14,1e-07,1.14,1e-07,0.0,1e-07
zn2311,SHFE,5.0,5,1.14,1e-07,1.14,1e-07,0.0,1e-07
zn2310,SHFE,5.0,5,1.14,1e-07,1.14,1e-07,0.0,1e-07
zn2309,SHFE,5.0,5,1.14,1e-07,1.14,1e-07,0.0,1e-07
zn2308,SHFE,5.0,5,1.14,1e-07,1.14,1e-07,0.0,1e-07
zn2307,SHFE,5.0,5,1.14,1e-07,1.14,1e-07,0.0,1e-07
zn2306,SHFE,5.0,5,1.14,1e-07,1.14,1e-07,0.0,1e-07
zn2305,SHFE,5.0,5,1.14,1e-07,1.14,1e-07,0.0,1e-07
zn2304,SHFE,5.0,5,1.14,1e-07,1.14,1e-07,0.0,1e-07
zn2303,SHFE,5.0,5,1.14,1e-07,1.14,1e-07,0.0,1e-07
zn2302,SHFE,5.0,5,1.14,1e-07,1.14,1e-07,0.0,1e-07
zn2301,SHFE,5.0,5,1.14,1e-07,1.14,1e-07,0.0,1e-07
zn,SHFE,5.0,5,1.14,1e-07,1.14,1e-07,0.0,1e-07
wr2312,SHFE,1.0,10,0.0,2.25e-05,0.0,2.25e-05,0.0,1e-07
wr2311,SHFE,1.0,10,0.0,2.25e-05,0.0,2.25e-05,0.0,1e-07
wr2310,SHFE,1.0,10,0.0,2.25e-05,0.0,2.25e-05,0.0,1e-07
wr2309,SHFE,1.0,10,0.0,2.25e-05,0.0,2.25e-05,0.0,1e-07
wr2308,SHFE,1.0,10,0.0,2.25e-05,0.0,2.25e-05,0.0,1e-07
wr2307,SHFE,1.0,10,0.0,2.25e-05,0.0,2.25e-05,0.0,1e-07
wr2306,SHFE,1.0,10,0.0,2.25e-05,0.0,2.25e-05,0.0,1e-07
wr2305,SHFE,1.0,10,0.0,2.25e-05,0.0,2.25e-05,0.0,1e-07
wr2304,SHFE,1.0,10,0.0,2.25e-05,0.0,2.25e-05,0.0,1e-07
wr2303,SHFE,1.0,10,0.0,2.25e-05,0.0,2.25e-05,0.0,1e-07
wr2302,SHFE,1.0,10,0.0,2.25e-05,0.0,2.25e-05,0.0,1e-07
wr2301,SHFE,1.0,10,0.0,2.25e-05,0.0,2.25e-05,0.0,1e-07
wr,SHFE,1.0,10,0.0,2.25e-05,0.0,2.25e-05,0.0,1e-07
ss2312,SHFE,5.0,5,0.76,1e-07,0.76,1e-07,0.0,1e-07
ss2311,SHFE,5.0,5,0.76,1e-07,0.76,1e-07,0.0,1e-07
ss2310,SHFE,5.0,5,0.76,1e-07,0.76,1e-07,0.0,1e-07
ss2309,SHFE,5.0,5,0.76,1e-07,0.76,1e-07,0.0,1e-07
ss2308,SHFE,5.0,5,0.76,1e-07,0.76,1e-07,0.0,1e-07
ss2307,SHFE,5.0,5,0.76,1e-07,0.76,1e-07,0.0,1e-07
ss2306,SHFE,5.0,5,0.76,1e-07,0.76,1e-07,0.0,1e-07
ss2305,SHFE,5.0,5,0.76,1e-07,0.76,1e-07,0.0,1e-07
ss2304,SHFE,5.0,5,0.76,1e-07,0.76,1e-07,0.0,1e-07
ss2303,SHFE,5.0,5,0.76,1e-07,0.76,1e-07,0.0,1e-07
ss2302,SHFE,5.0,5,0.76,1e-07,0.76,1e-07,0.0,1e-07
ss2301,SHFE,5.0,5,0.76,1e-07,0.76,1e-07,0.0,1e-07
ss,SHFE,5.0,5,0.76,1e-07,0.76,1e-07,0.0,1e-07
sp2312,SHFE,2.0,10,0.0,2.4617e-05,0.0,2.4617e-05,0.0,1e-07
sp2311,SHFE,2.0,10,0.0,2.4617e-05,0.0,2.4617e-05,0.0,1e-07
sp2310,SHFE,2.0,10,0.0,2.4617e-05,0.0,2.4617e-05,0.0,1e-07
sp2309,SHFE,2.0,10,0.0,2.4617e-05,0.0,2.4617e-05,0.0,1e-07
sp2308,SHFE,2.0,10,0.0,2.4617e-05,0.0,2.4617e-05,0.0,1e-07
sp2307,SHFE,2.0,10,0.0,2.4617e-05,0.0,2.4617e-05,0.0,1e-07
sp2306,SHFE,2.0,10,0.0,2.4617e-05,0.0,2.4617e-05,0.0,1e-07
sp2305,SHFE,2.0,10,0.0,2.4617e-05,0.0,2.4617e-05,0.0,1e-07
sp2304,SHFE,2.0,10,0.0,2.4617e-05,0.0,2.4617e-05,0.0,1e-07
sp2303,SHFE,2.0,10,0.0,2.4617e-05,0.0,2.4617e-05,0.0,1e-07
sp2302,SHFE,2.0,10,0.0,2.4617e-05,0.0,2.4617e-05,0.0,1e-07
sp2301,SHFE,2.0,10,0.0,2.4617e-05,0.0,2.4617e-05,0.0,1e-07
sp,SHFE,2.0,10,0.0,2.4617e-05,0.0,2.4617e-05,0.0,1e-07
sn2312,SHFE,10.0,1,1.14,1e-07,1.14,1e-07,1.14,1e-07
sn2311,SHFE,10.0,1,1.14,1e-07,1.14,1e-07,1.14,1e-07
sn2310,SHFE,10.0,1,1.14,1e-07,1.14,1e-07,1.14,1e-07
sn2309,SHFE,10.0,1,1.14,1e-07,1.14,1e-07,1.14,1e-07
sn2308,SHFE,10.0,1,1.14,1e-07,1.14,1e-07,1.14,1e-07
sn2307,SHFE,10.0,1,1.14,1e-07,1.14,1e-07,1.14,1e-07
sn2306,SHFE,10.0,1,1.14,1e-07,1.14,1e-07,1.14,1e-07
sn2305,SHFE,10.0,1,1.14,1e-07,1.14,1e-07,1.14,1e-07
sn2304,SHFE,10.0,1,1.14,1e-07,1.14,1e-07,1.14,1e-07
sn2303,SHFE,10.0,1,1.14,1e-07,1.14,1e-07,1.14,1e-07
sn2302,SHFE,10.0,1,1.14,1e-07,1.14,1e-07,1.14,1e-07
sn2301,SHFE,10.0,1,1.14,1e-07,1.14,1e-07,1.14,1e-07
sn,SHFE,10.0,1,1.14,1e-07,1.14,1e-07,1.14,1e-07
ru2311,SHFE,5.0,10,1.14,1e-07,1.14,1e-07,0.0,1e-07
ru2310,SHFE,5.0,10,1.14,1e-07,1.14,1e-07,0.0,1e-07
ru2309,SHFE,5.0,10,1.14,1e-07,1.14,1e-07,0.0,1e-07
ru2308,SHFE,5.0,10,1.14,1e-07,1.14,1e-07,0.0,1e-07
ru2307,SHFE,5.0,10,1.14,1e-07,1.14,1e-07,0.0,1e-07
ru2306,SHFE,5.0,10,1.14,1e-07,1.14,1e-07,0.0,1e-07
ru2305,SHFE,5.0,10,1.14,1e-07,1.14,1e-07,0.0,1e-07
ru2304,SHFE,5.0,10,1.14,1e-07,1.14,1e-07,0.0,1e-07
ru2303,SHFE,5.0,10,1.14,1e-07,1.14,1e-07,0.0,1e-07
ru2301,SHFE,5.0,10,1.14,1e-07,1.14,1e-07,0.0,1e-07
ru,SHFE,5.0,10,1.14,1e-07,1.14,1e-07,0.0,1e-07
rb2312,SHFE,1.0,10,0.0,3.81e-05,0.0,3.81e-05,0.0,3.81e-05
rb2311,SHFE,1.0,10,0.0,3.81e-05,0.0,3.81e-05,0.0,3.81e-05
rb2310,SHFE,1.0,10,0.0,7.61e-05,0.0,7.61e-05,0.0,7.61e-05
rb2309,SHFE,1.0,10,0.0,3.81e-05,0.0,3.81e-05,0.0,3.81e-05
rb2308,SHFE,1.0,10,0.0,3.81e-05,0.0,3.81e-05,0.0,3.81e-05
rb2307,SHFE,1.0,10,0.0,3.81e-05,0.0,3.81e-05,0.0,3.81e-05
rb2306,SHFE,1.0,10,0.0,3.81e-05,0.0,3.81e-05,0.0,3.81e-05
rb2305,SHFE,1.0,10,0.0,3.81e-05,0.0,3.81e-05,0.0,3.81e-05
rb2304,SHFE,1.0,10,0.0,3.81e-05,0.0,3.81e-05,0.0,3.81e-05
rb2303,SHFE,1.0,10,0.0,3.81e-05,0.0,3.81e-05,0.0,3.81e-05
rb2302,SHFE,1.0,10,0.0,3.81e-05,0.0,3.81e-05,0.0,3.81e-05
rb2301,SHFE,1.0,10,0.0,3.81e-05,0.0,3.81e-05,0.0,3.81e-05
rb,SHFE,1.0,10,0.0,3.81e-05,0.0,3.81e-05,0.0,3.81e-05
pb2312,SHFE,5.0,5,0.0,1.53e-05,0.0,1.53e-05,0.0,1e-07
pb2311,SHFE,5.0,5,0.0,1.53e-05,0.0,1.53e-05,0.0,1e-07
pb2310,SHFE,5.0,5,0.0,1.53e-05,0.0,1.53e-05,0.0,1e-07
pb2309,SHFE,5.0,5,0.0,1.53e-05,0.0,1.53e-05,0.0,1e-07
pb2308,SHFE,5.0,5,0.0,1.53e-05,0.0,1.53e-05,0.0,1e-07
pb2307,SHFE,5.0,5,0.0,1.53e-05,0.0,1.53e-05,0.0,1e-07
pb2306,SHFE,5.0,5,0.0,1.53e-05,0.0,1.53e-05,0.0,1e-07
pb2305,SHFE,5.0,5,0.0,1.53e-05,0.0,1.53e-05,0.0,1e-07
pb2304,SHFE,5.0,5,0.0,1.53e-05,0.0,1.53e-05,0.0,1e-07
pb2303,SHFE,5.0,5,0.0,1.53e-05,0.0,1.53e-05,0.0,1e-07
pb2302,SHFE,5.0,5,0.0,1.53e-05,0.0,1.53e-05,0.0,1e-07
pb2301,SHFE,5.0,5,0.0,1.53e-05,0.0,1.53e-05,0.0,1e-07
pb,SHFE,5.0,5,0.0,1.53e-05,0.0,1.53e-05,0.0,1e-07
ni2312,SHFE,10.0,1,1.68,1e-07,1.68,1e-07,1.68,1e-07
ni2311,SHFE,10.0,1,1.68,1e-07,1.68,1e-07,1.68,1e-07
ni2310,SHFE,10.0,1,1.68,1e-07,1.68,1e-07,1.68,1e-07
ni2309,SHFE,10.0,1,1.68,1e-07,1.68,1e-07,1.68,1e-07
ni2308,SHFE,10.0,1,1.68,1e-07,1.68,1e-07,1.68,1e-07
ni2307,SHFE,10.0,1,1.68,1e-07,1.68,1e-07,1.68,1e-07
ni2306,SHFE,10.0,1,1.68,1e-07,1.68,1e-07,1.68,1e-07
ni2305,SHFE,10.0,1,1.68,1e-07,1.68,1e-07,1.68,1e-07
ni2304,SHFE,10.0,1,1.68,1e-07,1.68,1e-07,1.68,1e-07
ni2303,SHFE,10.0,1,1.68,1e-07,1.68,1e-07,1.68,1e-07
ni2302,SHFE,10.0,1,1.68,1e-07,1.68,1e-07,1.68,1e-07
ni2301,SHFE,10.0,1,1.68,1e-07,1.68,1e-07,1.68,1e-07
ni,SHFE,10.0,1,1.68,1e-07,1.68,1e-07,1.68,1e-07
hc2312,SHFE,1.0,10,0.0,3.81e-05,0.0,3.81e-05,0.0,3.81e-05
hc2311,SHFE,1.0,10,0.0,3.81e-05,0.0,3.81e-05,0.0,3.81e-05
hc2310,SHFE,1.0,10,0.0,3.81e-05,0.0,3.81e-05,0.0,3.81e-05
hc2309,SHFE,1.0,10,0.0,3.81e-05,0.0,3.81e-05,0.0,3.81e-05
hc2308,SHFE,1.0,10,0.0,3.81e-05,0.0,3.81e-05,0.0,3.81e-05
hc2307,SHFE,1.0,10,0.0,3.81e-05,0.0,3.81e-05,0.0,3.81e-05
hc2306,SHFE,1.0,10,0.0,3.81e-05,0.0,3.81e-05,0.0,3.81e-05
hc2305,SHFE,1.0,10,0.0,3.81e-05,0.0,3.81e-05,0.0,3.81e-05
hc2304,SHFE,1.0,10,0.0,3.81e-05,0.0,3.81e-05,0.0,3.81e-05
hc2303,SHFE,1.0,10,0.0,3.81e-05,0.0,3.81e-05,0.0,3.81e-05
hc2302,SHFE,1.0,10,0.0,3.81e-05,0.0,3.81e-05,0.0,3.81e-05
hc2301,SHFE,1.0,10,0.0,3.81e-05,0.0,3.81e-05,0.0,3.81e-05
hc,SHFE,1.0,10,0.0,3.81e-05,0.0,3.81e-05,0.0,3.81e-05
fu2312,SHFE,1.0,10,0.0,3.9e-06,0.0,3.9e-06,0.0,1e-07
fu2311,SHFE,1.0,10,0.0,3.9e-06,0.0,3.9e-06,0.0,1e-07
fu2310,SHFE,1.0,10,0.0,3.9e-06,0.0,3.9e-06,0.0,1e-07
fu2309,SHFE,1.0,10,0.0,1.91e-05,0.0,1.91e-05,0.0,1e-07
fu2308,SHFE,1.0,10,0.0,3.9e-06,0.0,3.9e-06,0.0,1e-07
fu2307,SHFE,1.0,10,0.0,3.9e-06,0.0,3.9e-06,0.0,1e-07
fu2306,SHFE,1.0,10,0.0,3.9e-06,0.0,3.9e-06,0.0,1e-07
fu2305,SHFE,1.0,10,0.0,1.91e-05,0.0,1.91e-05,0.0,1e-07
fu2304,SHFE,1.0,10,0.0,3.9e-06,0.0,3.9e-06,0.0,1e-07
fu2303,SHFE,1.0,10,0.0,3.9e-06,0.0,3.9e-06,0.0,1e-07
fu2302,SHFE,1.0,10,0.0,1.91e-05,0.0,1.91e-05,0.0,1e-07
fu2301,SHFE,1.0,10,0.0,1.91e-05,0.0,1.91e-05,0.0,1.91e-05
fu,SHFE,1.0,10,0.0,3.9e-06,0.0,3.9e-06,0.0,1e-07
cu2312,SHFE,10.0,5,0.0,3.26e-05,0.0,3.26e-05,0.0,3.26e-05
cu2311,SHFE,10.0,5,0.0,3.26e-05,0.0,3.26e-05,0.0,3.26e-05
cu2310,SHFE,10.0,5,0.0,3.26e-05,0.0,3.26e-05,0.0,3.26e-05
cu2309,SHFE,10.0,5,0.0,3.26e-05,0.0,3.26e-05,0.0,3.26e-05
cu2308,SHFE,10.0,5,0.0,3.26e-05,0.0,3.26e-05,0.0,3.26e-05
cu2307,SHFE,10.0,5,0.0,3.26e-05,0.0,3.26e-05,0.0,3.26e-05
cu2306,SHFE,10.0,5,0.0,3.26e-05,0.0,3.26e-05,0.0,3.26e-05
cu2305,SHFE,10.0,5,0.0,3.26e-05,0.0,3.26e-05,0.0,3.26e-05
cu2304,SHFE,10.0,5,0.0,3.26e-05,0.0,3.26e-05,0.0,3.26e-05
cu2303,SHFE,10.0,5,0.0,3.26e-05,0.0,3.26e-05,0.0,3.26e-05
cu2302,SHFE,10.0,5,0.0,3.26e-05,0.0,3.26e-05,0.0,3.26e-05
cu2301,SHFE,10.0,5,0.0,3.26e-05,0.0,3.26e-05,0.0,3.26e-05
cu,SHFE,10.0,5,0.0,3.26e-05,0.0,3.26e-05,0.0,3.26e-05
bu2412,SHFE,1.0,10,0.0,4.4706e-05,0.0,4.4706e-05,0.0,4.4706e-05
bu2409,SHFE,1.0,10,0.0,4.4706e-05,0.0,4.4706e-05,0.0,4.4706e-05
bu2406,SHFE,1.0,10,0.0,4.4706e-05,0.0,4.4706e-05,0.0,4.4706e-05
bu2403,SHFE,1.0,10,0.0,4.4706e-05,0.0,4.4706e-05,0.0,4.4706e-05
bu2312,SHFE,1.0,10,0.0,4.4706e-05,0.0,4.4706e-05,0.0,4.4706e-05
bu2311,SHFE,1.0,10,0.0,4.4706e-05,0.0,4.4706e-05,0.0,4.4706e-05
bu2310,SHFE,1.0,10,0.0,4.4706e-05,0.0,4.4706e-05,0.0,4.4706e-05
bu2309,SHFE,1.0,10,0.0,4.4706e-05,0.0,4.4706e-05,0.0,4.4706e-05
bu2308,SHFE,1.0,10,0.0,4.4706e-05,0.0,4.4706e-05,0.0,4.4706e-05
bu2307,SHFE,1.0,10,0.0,4.4706e-05,0.0,4.4706e-05,0.0,4.4706e-05
bu2306,SHFE,1.0,10,0.0,4.4706e-05,0.0,4.4706e-05,0.0,4.4706e-05
bu2305,SHFE,1.0,10,0.0,4.4706e-05,0.0,4.4706e-05,0.0,4.4706e-05
bu2304,SHFE,1.0,10,0.0,4.4706e-05,0.0,4.4706e-05,0.0,4.4706e-05
bu2303,SHFE,1.0,10,0.0,4.4706e-05,0.0,4.4706e-05,0.0,4.4706e-05
bu2302,SHFE,1.0,10,0.0,4.4706e-05,0.0,4.4706e-05,0.0,4.4706e-05
bu2301,SHFE,1.0,10,0.0,4.4706e-05,0.0,4.4706e-05,0.0,4.4706e-05
bu,SHFE,1.0,10,0.0,4.4706e-05,0.0,4.4706e-05,0.0,4.4706e-05
au2312,SHFE,0.02,1000,3.8,1e-07,3.8,1e-07,0.0,1e-07
au2310,SHFE,0.02,1000,0.76,1e-07,0.76,1e-07,0.0,1e-07
au2308,SHFE,0.02,1000,0.76,1e-07,0.76,1e-07,0.0,1e-07
au2306,SHFE,0.02,1000,3.8,1e-07,3.8,1e-07,0.0,1e-07
au2304,SHFE,0.02,1000,0.76,1e-07,0.76,1e-07,0.0,1e-07
au2303,SHFE,0.02,1000,0.76,1e-07,0.76,1e-07,0.0,1e-07
au2302,SHFE,0.02,1000,3.8,1e-07,3.8,1e-07,0.0,1e-07
au2301,SHFE,0.02,1000,0.76,1e-07,0.76,1e-07,0.0,1e-07
au,SHFE,0.02,1000,3.8,1e-07,3.8,1e-07,0.0,1e-07
al2312,SHFE,5.0,5,2.01669,1e-07,2.01669,1e-07,2.01669,1e-07
al2311,SHFE,5.0,5,2.01669,1e-07,2.01669,1e-07,2.01669,1e-07
al2310,SHFE,5.0,5,2.01669,1e-07,2.01669,1e-07,2.01669,1e-07
al2309,SHFE,5.0,5,2.01669,1e-07,2.01669,1e-07,2.01669,1e-07
al2308,SHFE,5.0,5,2.01669,1e-07,2.01669,1e-07,2.01669,1e-07
al2307,SHFE,5.0,5,2.01669,1e-07,2.01669,1e-07,2.01669,1e-07
al2306,SHFE,5.0,5,2.01669,1e-07,2.01669,1e-07,2.01669,1e-07
al2305,SHFE,5.0,5,2.01669,1e-07,2.01669,1e-07,2.01669,1e-07
al2304,SHFE,5.0,5,2.01669,1e-07,2.01669,1e-07,2.01669,1e-07
al2303,SHFE,5.0,5,2.01669,1e-07,2.01669,1e-07,2.01669,1e-07
al2302,SHFE,5.0,5,2.01669,1e-07,2.01669,1e-07,2.01669,1e-07
al2301,SHFE,5.0,5,2.01669,1e-07,2.01669,1e-07,2.01669,1e-07
al,SHFE,5.0,5,2.01669,1e-07,2.01669,1e-07,2.01669,1e-07
ag2312,SHFE,1.0,15,0.0,2.2079e-05,0.0,2.2079e-05,0.0,2.2079e-05
ag2311,SHFE,1.0,15,0.0,4.4958e-06,0.0,4.4958e-06,0.0,4.4958e-06
ag2310,SHFE,1.0,15,0.0,4.4958e-06,0.0,4.4958e-06,0.0,4.4958e-06
ag2309,SHFE,1.0,15,0.0,4.4958e-06,0.0,4.4958e-06,0.0,4.4958e-06
ag2308,SHFE,1.0,15,0.0,4.4958e-06,0.0,4.4958e-06,0.0,4.4958e-06
ag2307,SHFE,1.0,15,0.0,4.4958e-06,0.0,4.4958e-06,0.0,4.4958e-06
ag2306,SHFE,1.0,15,0.0,2.2079e-05,0.0,2.2079e-05,0.0,2.2079e-05
ag2305,SHFE,1.0,15,0.0,4.4958e-06,0.0,4.4958e-06,0.0,4.4958e-06
ag2304,SHFE,1.0,15,0.0,4.4958e-06,0.0,4.4958e-06,0.0,4.4958e-06
ag2303,SHFE,1.0,15,0.0,4.4958e-06,0.0,4.4958e-06,0.0,4.4958e-06
ag2302,SHFE,1.0,15,0.0,2.2079e-05,0.0,2.2079e-05,0.0,2.2079e-05
ag2301,SHFE,1.0,15,0.0,2.2079e-05,0.0,2.2079e-05,0.0,2.2079e-05
ag,SHFE,1.0,15,0.0,2.2079e-05,0.0,2.2079e-05,0.0,2.2079e-05
sc2512,INE,0.1,1000,13.6565544554,3.79247524752e-08,13.6565544554,3.79247524752e-08,0.0,3.79247524752e-08
sc2509,INE,0.1,1000,13.6565544554,3.79247524752e-08,13.6565544554,3.79247524752e-08,0.0,3.79247524752e-08
sc2506,INE,0.1,1000,13.6565544554,3.79247524752e-08,13.6565544554,3.79247524752e-08,0.0,3.79247524752e-08
sc2503,INE,0.1,1000,13.6565544554,3.79247524752e-08,13.6565544554,3.79247524752e-08,0.0,3.79247524752e-08
sc2412,INE,0.1,1000,13.6565544554,3.79247524752e-08,13.6565544554,3.79247524752e-08,0.0,3.79247524752e-08
sc2409,INE,0.1,1000,13.6565544554,3.79247524752e-08,13.6565544554,3.79247524752e-08,0.0,3.79247524752e-08
sc2406,INE,0.1,1000,13.6565544554,3.79247524752e-08,13.6565544554,3.79247524752e-08,0.0,3.79247524752e-08
sc2403,INE,0.1,1000,13.6565544554,3.79247524752e-08,13.6565544554,3.79247524752e-08,0.0,3.79247524752e-08
sc2312,INE,0.1,1000,13.6565544554,3.79247524752e-08,13.6565544554,3.79247524752e-08,0.0,3.79247524752e-08
sc2311,INE,0.1,1000,13.6565544554,3.79247524752e-08,13.6565544554,3.79247524752e-08,0.0,3.79247524752e-08
sc2310,INE,0.1,1000,13.6565544554,3.79247524752e-08,13.6565544554,3.79247524752e-08,0.0,3.79247524752e-08
sc2309,INE,0.1,1000,13.6565544554,3.79247524752e-08,13.6565544554,3.79247524752e-08,0.0,3.79247524752e-08
sc2308,INE,0.1,1000,13.6565544554,3.79247524752e-08,13.6565544554,3.79247524752e-08,0.0,3.79247524752e-08
sc2307,INE,0.1,1000,13.6565544554,3.79247524752e-08,13.6565544554,3.79247524752e-08,0.0,3.79247524752e-08
sc2306,INE,0.1,1000,13.6565544554,3.79247524752e-08,13.6565544554,3.79247524752e-08,0.0,3.79247524752e-08
sc2305,INE,0.1,1000,13.6565544554,3.79247524752e-08,13.6565544554,3.79247524752e-08,0.0,3.79247524752e-08
sc2304,INE,0.1,1000,13.6565544554,3.79247524752e-08,13.6565544554,3.79247524752e-08,0.0,3.79247524752e-08
sc2303,INE,0.1,1000,13.6565544554,3.79247524752e-08,13.6565544554,3.79247524752e-08,0.0,3.79247524752e-08
sc2302,INE,0.1,1000,13.6565544554,3.79247524752e-08,13.6565544554,3.79247524752e-08,0.0,3.79247524752e-08
sc2301,INE,0.1,1000,13.6565544554,3.79247524752e-08,13.6565544554,3.79247524752e-08,0.0,3.79247524752e-08
sc,INE,0.1,1000,13.6565544554,3.79247524752e-08,13.6565544554,3.79247524752e-08,0.0,3.79247524752e-08
nr2312,INE,5.0,10,0.0,9.5e-06,0.0,9.5e-06,0.0,1e-07
nr2311,INE,5.0,10,0.0,9.5e-06,0.0,9.5e-06,0.0,1e-07
nr2310,INE,5.0,10,0.0,9.5e-06,0.0,9.5e-06,0.0,1e-07
nr2309,INE,5.0,10,0.0,9.5e-06,0.0,9.5e-06,0.0,1e-07
nr2308,INE,5.0,10,0.0,9.5e-06,0.0,9.5e-06,0.0,1e-07
nr2307,INE,5.0,10,0.0,9.5e-06,0.0,9.5e-06,0.0,1e-07
nr2306,INE,5.0,10,0.0,9.5e-06,0.0,9.5e-06,0.0,1e-07
nr2305,INE,5.0,10,0.0,9.5e-06,0.0,9.5e-06,0.0,1e-07
nr2304,INE,5.0,10,0.0,9.5e-06,0.0,9.5e-06,0.0,1e-07
nr2303,INE,5.0,10,0.0,9.5e-06,0.0,9.5e-06,0.0,1e-07
nr2302,INE,5.0,10,0.0,9.5e-06,0.0,9.5e-06,0.0,1e-07
nr2301,INE,5.0,10,0.0,9.5e-06,0.0,9.5e-06,0.0,1e-07
nr,INE,5.0,10,0.0,9.5e-06,0.0,9.5e-06,0.0,1e-07
lu2312,INE,1.0,10,0.0,4.8e-06,0.0,4.8e-06,0.0,4.8e-06
lu2311,INE,1.0,10,0.0,4.8e-06,0.0,4.8e-06,0.0,4.8e-06
lu2310,INE,1.0,10,0.0,4.8e-06,0.0,4.8e-06,0.0,4.8e-06
lu2309,INE,1.0,10,0.0,4.8e-06,0.0,4.8e-06,0.0,4.8e-06
lu2308,INE,1.0,10,0.0,4.8e-06,0.0,4.8e-06,0.0,4.8e-06
lu2307,INE,1.0,10,0.0,4.8e-06,0.0,4.8e-06,0.0,4.8e-06
lu2306,INE,1.0,10,0.0,4.8e-06,0.0,4.8e-06,0.0,4.8e-06
lu2305,INE,1.0,10,0.0,4.8e-06,0.0,4.8e-06,0.0,4.8e-06
lu2304,INE,1.0,10,0.0,4.8e-06,0.0,4.8e-06,0.0,4.8e-06
lu2303,INE,1.0,10,0.0,4.8e-06,0.0,4.8e-06,0.0,4.8e-06
lu2302,INE,1.0,10,0.0,4.8e-06,0.0,4.8e-06,0.0,4.8e-06
lu2301,INE,1.0,10,0.0,4.8e-06,0.0,4.8e-06,0.0,4.8e-06
lu,INE,1.0,10,0.0,4.8e-06,0.0,4.8e-06,0.0,4.8e-06
bc2312,INE,10.0,5,0.0,4.8e-06,0.0,4.8e-06,0.0,1e-07
bc2311,INE,10.0,5,0.0,4.8e-06,0.0,4.8e-06,0.0,1e-07
bc2310,INE,10.0,5,0.0,4.8e-06,0.0,4.8e-06,0.0,1e-07
bc2309,INE,10.0,5,0.0,4.8e-06,0.0,4.8e-06,0.0,1e-07
bc2308,INE,10.0,5,0.0,4.8e-06,0.0,4.8e-06,0.0,1e-07
bc2307,INE,10.0,5,0.0,4.8e-06,0.0,4.8e-06,0.0,1e-07
bc2306,INE,10.0,5,0.0,4.8e-06,0.0,4.8e-06,0.0,1e-07
bc2305,INE,10.0,5,0.0,4.8e-06,0.0,4.8e-06,0.0,1e-07
bc2304,INE,10.0,5,0.0,4.8e-06,0.0,4.8e-06,0.0,1e-07
bc2303,INE,10.0,5,0.0,4.8e-06,0.0,4.8e-06,0.0,1e-07
bc2302,INE,10.0,5,0.0,4.8e-06,0.0,4.8e-06,0.0,1e-07
bc2301,INE,10.0,5,0.0,4.8e-06,0.0,4.8e-06,0.0,1e-07
bc,INE,10.0,5,0.0,4.8e-06,0.0,4.8e-06,0.0,1e-07
si2312,GFEX,5.0,5,0.0,0.0001011,0.0,0.0001011,0.0,0.0001011
si2311,GFEX,5.0,5,0.0,0.0001011,0.0,0.0001011,0.0,0.0001011
si2310,GFEX,5.0,5,0.0,0.0001011,0.0,0.0001011,0.0,0.0001011
si2309,GFEX,5.0,5,0.0,0.0001011,0.0,0.0001011,0.0,0.0001011
si2308,GFEX,5.0,5,0.0,0.0001011,0.0,0.0001011,0.0,0.0001011
si,GFEX,5.0,5,0.0,0.0001011,0.0,0.0001011,0.0,0.0001011
y2312,DCE,2.0,10,1.64108910891,1e-07,1.64108910891,1e-07,1.64108910891,1e-07
y2311,DCE,2.0,10,1.64108910891,1e-07,1.64108910891,1e-07,1.64108910891,1e-07
y2309,DCE,2.0,10,1.64108910891,1e-07,1.64108910891,1e-07,1.64108910891,1e-07
y2308,DCE,2.0,10,1.64108910891,1e-07,1.64108910891,1e-07,1.64108910891,1e-07
y2307,DCE,2.0,10,1.64108910891,1e-07,1.64108910891,1e-07,1.64108910891,1e-07
y2305,DCE,2.0,10,1.64108910891,1e-07,1.64108910891,1e-07,1.64108910891,1e-07
y2303,DCE,2.0,10,1.64108910891,1e-07,1.64108910891,1e-07,1.64108910891,1e-07
y2301,DCE,2.0,10,1.64108910891,1e-07,1.64108910891,1e-07,1.64108910891,1e-07
y,DCE,2.0,10,1.64108910891,1e-07,1.64108910891,1e-07,1.64108910891,1e-07
v2312,DCE,1.0,5,0.301485148515,1e-07,0.301485148515,1e-07,0.301485148515,1e-07
v2311,DCE,1.0,5,0.301485148515,1e-07,0.301485148515,1e-07,0.301485148515,1e-07
v2310,DCE,1.0,5,0.301485148515,1e-07,0.301485148515,1e-07,0.301485148515,1e-07
v2309,DCE,1.0,5,0.301485148515,1e-07,0.301485148515,1e-07,0.301485148515,1e-07
v2308,DCE,1.0,5,0.301485148515,1e-07,0.301485148515,1e-07,0.301485148515,1e-07
v2307,DCE,1.0,5,0.301485148515,1e-07,0.301485148515,1e-07,0.301485148515,1e-07
v2306,DCE,1.0,5,0.301485148515,1e-07,0.301485148515,1e-07,0.301485148515,1e-07
v2305,DCE,1.0,5,0.301485148515,1e-07,0.301485148515,1e-07,0.301485148515,1e-07
v2304,DCE,1.0,5,0.301485148515,1e-07,0.301485148515,1e-07,0.301485148515,1e-07
v2303,DCE,1.0,5,0.301485148515,1e-07,0.301485148515,1e-07,0.301485148515,1e-07
v2302,DCE,1.0,5,0.301485148515,1e-07,0.301485148515,1e-07,0.301485148515,1e-07
v2301,DCE,1.0,5,0.301485148515,1e-07,0.301485148515,1e-07,0.301485148515,1e-07
v,DCE,1.0,5,0.301485148515,1e-07,0.301485148515,1e-07,0.301485148515,1e-07
rr2312,DCE,1.0,10,0.675742574257,1e-07,0.675742574257,1e-07,0.675742574257,1e-07
rr2311,DCE,1.0,10,0.675742574257,1e-07,0.675742574257,1e-07,0.675742574257,1e-07
rr2310,DCE,1.0,10,0.675742574257,1e-07,0.675742574257,1e-07,0.675742574257,1e-07
rr2309,DCE,1.0,10,0.675742574257,1e-07,0.675742574257,1e-07,0.675742574257,1e-07
rr2308,DCE,1.0,10,0.675742574257,1e-07,0.675742574257,1e-07,0.675742574257,1e-07
rr2307,DCE,1.0,10,0.675742574257,1e-07,0.675742574257,1e-07,0.675742574257,1e-07
rr2306,DCE,1.0,10,0.675742574257,1e-07,0.675742574257,1e-07,0.675742574257,1e-07
rr2305,DCE,1.0,10,0.675742574257,1e-07,0.675742574257,1e-07,0.675742574257,1e-07
rr2304,DCE,1.0,10,0.675742574257,1e-07,0.675742574257,1e-07,0.675742574257,1e-07
rr2303,DCE,1.0,10,0.675742574257,1e-07,0.675742574257,1e-07,0.675742574257,1e-07
rr2302,DCE,1.0,10,0.675742574257,1e-07,0.675742574257,1e-07,0.675742574257,1e-07
rr2301,DCE,1.0,10,0.675742574257,1e-07,0.675742574257,1e-07,0.675742574257,1e-07
rr,DCE,1.0,10,0.675742574257,1e-07,0.675742574257,1e-07,0.675742574257,1e-07
pp2312,DCE,1.0,5,0.301485148515,1e-07,0.301485148515,1e-07,0.301485148515,1e-07
pp2311,DCE,1.0,5,0.301485148515,1e-07,0.301485148515,1e-07,0.301485148515,1e-07
pp2310,DCE,1.0,5,0.301485148515,1e-07,0.301485148515,1e-07,0.301485148515,1e-07
pp2309,DCE,1.0,5,0.301485148515,1e-07,0.301485148515,1e-07,0.301485148515,1e-07
pp2308,DCE,1.0,5,0.301485148515,1e-07,0.301485148515,1e-07,0.301485148515,1e-07
pp2307,DCE,1.0,5,0.301485148515,1e-07,0.301485148515,1e-07,0.301485148515,1e-07
pp2306,DCE,1.0,5,0.301485148515,1e-07,0.301485148515,1e-07,0.301485148515,1e-07
pp2305,DCE,1.0,5,0.301485148515,1e-07,0.301485148515,1e-07,0.301485148515,1e-07
pp2304,DCE,1.0,5,0.301485148515,1e-07,0.301485148515,1e-07,0.301485148515,1e-07
pp2303,DCE,1.0,5,0.301485148515,1e-07,0.301485148515,1e-07,0.301485148515,1e-07
pp2302,DCE,1.0,5,0.301485148515,1e-07,0.301485148515,1e-07,0.301485148515,1e-07
pp2301,DCE,1.0,5,0.301485148515,1e-07,0.301485148515,1e-07,0.301485148515,1e-07
pp,DCE,1.0,5,0.301485148515,1e-07,0.301485148515,1e-07,0.301485148515,1e-07
pg2311,DCE,1.0,20,1.73712871287,1e-07,1.73712871287,1e-07,1.73712871287,1e-07
pg2310,DCE,1.0,20,1.73712871287,1e-07,1.73712871287,1e-07,1.73712871287,1e-07
pg2309,DCE,1.0,20,1.73712871287,1e-07,1.73712871287,1e-07,1.73712871287,1e-07
pg2308,DCE,1.0,20,1.73712871287,1e-07,1.73712871287,1e-07,1.73712871287,1e-07
pg2307,DCE,1.0,20,1.73712871287,1e-07,1.73712871287,1e-07,1.73712871287,1e-07
pg2306,DCE,1.0,20,1.73712871287,1e-07,1.73712871287,1e-07,1.73712871287,1e-07
pg2305,DCE,1.0,20,1.73712871287,1e-07,1.73712871287,1e-07,1.73712871287,1e-07
pg2304,DCE,1.0,20,1.73712871287,1e-07,1.73712871287,1e-07,1.73712871287,1e-07
pg2303,DCE,1.0,20,1.73712871287,1e-07,1.73712871287,1e-07,1.73712871287,1e-07
pg2302,DCE,1.0,20,1.73712871287,1e-07,1.73712871287,1e-07,1.73712871287,1e-07
pg2301,DCE,1.0,20,1.73712871287,1e-07,1.73712871287,1e-07,1.73712871287,1e-07
pg2212,DCE,1.0,20,1.73712871287,1e-07,1.73712871287,1e-07,1.73712871287,1e-07
pg,DCE,1.0,20,1.73712871287,1e-07,1.73712871287,1e-07,1.73712871287,1e-07
p2312,DCE,2.0,10,1.64108910891,1e-07,1.64108910891,1e-07,1.64108910891,1e-07
p2311,DCE,2.0,10,1.64108910891,1e-07,1.64108910891,1e-07,1.64108910891,1e-07
p2310,DCE,2.0,10,1.64108910891,1e-07,1.64108910891,1e-07,1.64108910891,1e-07
p2309,DCE,2.0,10,1.64108910891,1e-07,1.64108910891,1e-07,1.64108910891,1e-07
p2308,DCE,2.0,10,1.64108910891,1e-07,1.64108910891,1e-07,1.64108910891,1e-07
p2307,DCE,2.0,10,1.64108910891,1e-07,1.64108910891,1e-07,1.64108910891,1e-07
p2306,DCE,2.0,10,1.64108910891,1e-07,1.64108910891,1e-07,1.64108910891,1e-07
p2305,DCE,2.0,10,1.64108910891,1e-07,1.64108910891,1e-07,1.64108910891,1e-07
p2304,DCE,2.0,10,1.64108910891,1e-07,1.64108910891,1e-07,1.64108910891,1e-07
p2303,DCE,2.0,10,1.64108910891,1e-07,1.64108910891,1e-07,1.64108910891,1e-07
p2302,DCE,2.0,10,1.64108910891,1e-07,1.64108910891,1e-07,1.64108910891,1e-07
p2301,DCE,2.0,10,1.64108910891,1e-07,1.64108910891,1e-07,1.64108910891,1e-07
p,DCE,2.0,10,1.64108910891,1e-07,1.64108910891,1e-07,1.64108910891,1e-07
m2312,DCE,1.0,10,1.27376237624,1e-07,1.27376237624,1e-07,1.27376237624,1e-07
m2311,DCE,1.0,10,1.27376237624,1e-07,1.27376237624,1e-07,1.27376237624,1e-07
m2309,DCE,1.0,10,1.27376237624,1e-07,1.27376237624,1e-07,1.27376237624,1e-07
m2308,DCE,1.0,10,1.27376237624,1e-07,1.27376237624,1e-07,1.27376237624,1e-07
m2307,DCE,1.0,10,1.27376237624,1e-07,1.27376237624,1e-07,1.27376237624,1e-07
m2305,DCE,1.0,10,1.27376237624,1e-07,1.27376237624,1e-07,1.27376237624,1e-07
m2303,DCE,1.0,10,1.27376237624,1e-07,1.27376237624,1e-07,1.27376237624,1e-07
m2301,DCE,1.0,10,1.27376237624,1e-07,1.27376237624,1e-07,1.27376237624,1e-07
m,DCE,1.0,10,1.27376237624,1e-07,1.27376237624,1e-07,1.27376237624,1e-07
lh2311,DCE,5.0,16,0.05,0.0002001,0.05,0.0002001,0.05,0.0002001
lh2309,DCE,5.0,16,0.05,0.0002001,0.05,0.0002001,0.05,0.0002001
lh2307,DCE,5.0,16,0.05,0.0002001,0.05,0.0002001,0.05,0.0002001
lh2305,DCE,5.0,16,0.05,0.0002001,0.05,0.0002001,0.05,0.0002001
lh2303,DCE,5.0,16,0.05,0.0002001,0.05,0.0002001,0.05,0.0002001
lh2301,DCE,5.0,16,0.05,0.0002001,0.05,0.0002001,0.05,0.0002001
lh,DCE,5.0,16,0.05,0.0002001,0.05,0.0002001,0.05,0.0002001
l2312,DCE,1.0,5,0.301485148515,1e-07,0.301485148515,1e-07,0.301485148515,1e-07
l2311,DCE,1.0,5,0.301485148515,1e-07,0.301485148515,1e-07,0.301485148515,1e-07
l2310,DCE,1.0,5,0.301485148515,1e-07,0.301485148515,1e-07,0.301485148515,1e-07
l2309,DCE,1.0,5,0.301485148515,1e-07,0.301485148515,1e-07,0.301485148515,1e-07
l2308,DCE,1.0,5,0.301485148515,1e-07,0.301485148515,1e-07,0.301485148515,1e-07
l2307,DCE,1.0,5,0.301485148515,1e-07,0.301485148515,1e-07,0.301485148515,1e-07
l2306,DCE,1.0,5,0.301485148515,1e-07,0.301485148515,1e-07,0.301485148515,1e-07
l2305,DCE,1.0,5,0.301485148515,1e-07,0.301485148515,1e-07,0.301485148515,1e-07
l2304,DCE,1.0,5,0.301485148515,1e-07,0.301485148515,1e-07,0.301485148515,1e-07
l2303,DCE,1.0,5,0.301485148515,1e-07,0.301485148515,1e-07,0.301485148515,1e-07
l2302,DCE,1.0,5,0.301485148515,1e-07,0.301485148515,1e-07,0.301485148515,1e-07
l2301,DCE,1.0,5,0.301485148515,1e-07,0.301485148515,1e-07,0.301485148515,1e-07
l,DCE,1.0,5,0.301485148515,1e-07,0.301485148515,1e-07,0.301485148515,1e-07
jm2312,DCE,0.5,60,0.05,0.0001001,0.05,0.0001001,0.05,0.0001001
jm2311,DCE,0.5,60,0.05,0.0001001,0.05,0.0001001,0.05,0.0001001
jm2310,DCE,0.5,60,0.05,0.0001001,0.05,0.0001001,0.05,0.0001001
jm2309,DCE,0.5,60,0.05,0.0001001,0.05,0.0001001,0.05,0.0001001
jm2308,DCE,0.5,60,0.05,0.0001001,0.05,0.0001001,0.05,0.0001001
jm2307,DCE,0.5,60,0.05,0.0001001,0.05,0.0001001,0.05,0.0001001
jm2306,DCE,0.5,60,0.05,0.0001001,0.05,0.0001001,0.05,0.0001001
jm2305,DCE,0.5,60,0.05,0.0001001,0.05,0.0001001,0.05,0.0001001
jm2304,DCE,0.5,60,0.05,0.0001001,0.05,0.0001001,0.05,0.0001001
jm2303,DCE,0.5,60,0.05,0.0001001,0.05,0.0001001,0.05,0.0001001
jm2302,DCE,0.5,60,0.05,0.0001001,0.05,0.0001001,0.05,0.0001001
jm2301,DCE,0.5,60,0.05,0.0001001,0.05,0.0001001,0.05,0.0001001
jm,DCE,0.5,60,0.05,0.0001001,0.05,0.0001001,0.05,0.0001001
jd2311,DCE,1.0,10,0.0321782178218,9.66346534653e-05,0.0321782178218,9.66346534653e-05,0.0321782178218,9.66346534653e-05
jd2310,DCE,1.0,10,0.0321782178218,9.66346534653e-05,0.0321782178218,9.66346534653e-05,0.0321782178218,9.66346534653e-05
jd2309,DCE,1.0,10,0.0321782178218,9.66346534653e-05,0.0321782178218,9.66346534653e-05,0.0321782178218,9.66346534653e-05
jd2308,DCE,1.0,10,0.0321782178218,9.66346534653e-05,0.0321782178218,9.66346534653e-05,0.0321782178218,9.66346534653e-05
jd2307,DCE,1.0,10,0.0321782178218,9.66346534653e-05,0.0321782178218,9.66346534653e-05,0.0321782178218,9.66346534653e-05
jd2306,DCE,1.0,10,0.0321782178218,9.66346534653e-05,0.0321782178218,9.66346534653e-05,0.0321782178218,9.66346534653e-05
jd2305,DCE,1.0,10,0.0321782178218,9.66346534653e-05,0.0321782178218,9.66346534653e-05,0.0321782178218,9.66346534653e-05
jd2304,DCE,1.0,10,0.0321782178218,9.66346534653e-05,0.0321782178218,9.66346534653e-05,0.0321782178218,9.66346534653e-05
jd2303,DCE,1.0,10,0.0321782178218,9.66346534653e-05,0.0321782178218,9.66346534653e-05,0.0321782178218,9.66346534653e-05
jd2302,DCE,1.0,10,0.0321782178218,9.66346534653e-05,0.0321782178218,9.66346534653e-05,0.0321782178218,9.66346534653e-05
jd2301,DCE,1.0,10,0.0321782178218,9.66346534653e-05,0.0321782178218,9.66346534653e-05,0.0321782178218,9.66346534653e-05
jd2212,DCE,1.0,10,0.0321782178218,9.66346534653e-05,0.0321782178218,9.66346534653e-05,0.0321782178218,9.66346534653e-05
jd,DCE,1.0,10,0.0321782178218,9.66346534653e-05,0.0321782178218,9.66346534653e-05,0.0321782178218,9.66346534653e-05
j2312,DCE,0.5,100,0.05,0.0001001,0.05,0.0001001,0.05,0.0001001
j2311,DCE,0.5,100,0.05,0.0001001,0.05,0.0001001,0.05,0.0001001
j2310,DCE,0.5,100,0.05,0.0001001,0.05,0.0001001,0.05,0.0001001
j2309,DCE,0.5,100,0.05,0.0001001,0.05,0.0001001,0.05,0.0001001
j2308,DCE,0.5,100,0.05,0.0001001,0.05,0.0001001,0.05,0.0001001
j2307,DCE,0.5,100,0.05,0.0001001,0.05,0.0001001,0.05,0.0001001
j2306,DCE,0.5,100,0.05,0.0001001,0.05,0.0001001,0.05,0.0001001
j2305,DCE,0.5,100,0.05,0.0001001,0.05,0.0001001,0.05,0.0001001
j2304,DCE,0.5,100,0.05,0.0001001,0.05,0.0001001,0.05,0.0001001
j2303,DCE,0.5,100,0.05,0.0001001,0.05,0.0001001,0.05,0.0001001
j2302,DCE,0.5,100,0.05,0.0001001,0.05,0.0001001,0.05,0.0001001
j2301,DCE,0.5,100,0.05,0.0001001,0.05,0.0001001,0.05,0.0001001
j,DCE,0.5,100,0.05,0.0001001,0.05,0.0001001,0.05,0.0001001
i2312,DCE,0.5,100,0.0321782178218,6.44564356436e-05,0.0321782178218,6.44564356436e-05,0.0321782178218,6.44564356436e-05
i2311,DCE,0.5,100,0.0321782178218,6.44564356436e-05,0.0321782178218,6.44564356436e-05,0.0321782178218,6.44564356436e-05
i2310,DCE,0.5,100,0.0321782178218,6.44564356436e-05,0.0321782178218,6.44564356436e-05,0.0321782178218,6.44564356436e-05
i2309,DCE,0.5,100,0.0321782178218,6.44564356436e-05,0.0321782178218,6.44564356436e-05,0.0321782178218,6.44564356436e-05
i2308,DCE,0.5,100,0.0321782178218,6.44564356436e-05,0.0321782178218,6.44564356436e-05,0.0321782178218,6.44564356436e-05
i2307,DCE,0.5,100,0.0321782178218,6.44564356436e-05,0.0321782178218,6.44564356436e-05,0.0321782178218,6.44564356436e-05
i2306,DCE,0.5,100,0.0321782178218,6.44564356436e-05,0.0321782178218,6.44564356436e-05,0.0321782178218,6.44564356436e-05
i2305,DCE,0.5,100,0.0321782178218,6.44564356436e-05,0.0321782178218,6.44564356436e-05,0.0321782178218,6.44564356436e-05
i2304,DCE,0.5,100,0.0321782178218,6.44564356436e-05,0.0321782178218,6.44564356436e-05,0.0321782178218,6.44564356436e-05
i2303,DCE,0.5,100,0.0321782178218,6.44564356436e-05,0.0321782178218,6.44564356436e-05,0.0321782178218,6.44564356436e-05
i2302,DCE,0.5,100,0.0321782178218,6.44564356436e-05,0.0321782178218,6.44564356436e-05,0.0321782178218,6.44564356436e-05
i2301,DCE,0.5,100,0.0321782178218,6.44564356436e-05,0.0321782178218,6.44564356436e-05,0.0321782178218,6.44564356436e-05
i,DCE,0.5,100,0.0321782178218,6.44564356436e-05,0.0321782178218,6.44564356436e-05,0.0321782178218,6.44564356436e-05
fb2312,DCE,0.5,10,0.0321782178218,6.44564356436e-05,0.0321782178218,6.44564356436e-05,0.0321782178218,6.44564356436e-05
fb2311,DCE,0.5,10,0.0321782178218,6.44564356436e-05,0.0321782178218,6.44564356436e-05,0.0321782178218,6.44564356436e-05
fb2310,DCE,0.5,10,0.0321782178218,6.44564356436e-05,0.0321782178218,6.44564356436e-05,0.0321782178218,6.44564356436e-05
fb2309,DCE,0.5,10,0.0321782178218,6.44564356436e-05,0.0321782178218,6.44564356436e-05,0.0321782178218,6.44564356436e-05
fb2308,DCE,0.5,10,0.0321782178218,6.44564356436e-05,0.0321782178218,6.44564356436e-05,0.0321782178218,6.44564356436e-05
fb2307,DCE,0.5,10,0.0321782178218,6.44564356436e-05,0.0321782178218,6.44564356436e-05,0.0321782178218,6.44564356436e-05
fb2306,DCE,0.5,10,0.0321782178218,6.44564356436e-05,0.0321782178218,6.44564356436e-05,0.0321782178218,6.44564356436e-05
fb2305,DCE,0.5,10,0.0321782178218,6.44564356436e-05,0.0321782178218,6.44564356436e-05,0.0321782178218,6.44564356436e-05
fb2304,DCE,0.5,10,0.0321782178218,6.44564356436e-05,0.0321782178218,6.44564356436e-05,0.0321782178218,6.44564356436e-05
fb2303,DCE,0.5,10,0.0321782178218,6.44564356436e-05,0.0321782178218,6.44564356436e-05,0.0321782178218,6.44564356436e-05
fb2302,DCE,0.5,10,0.0321782178218,6.44564356436e-05,0.0321782178218,6.44564356436e-05,0.0321782178218,6.44564356436e-05
fb2301,DCE,0.5,10,0.0321782178218,6.44564356436e-05,0.0321782178218,6.44564356436e-05,0.0321782178218,6.44564356436e-05
fb,DCE,0.5,10,0.0321782178218,6.44564356436e-05,0.0321782178218,6.44564356436e-05,0.0321782178218,6.44564356436e-05
eg2311,DCE,1.0,10,0.875742574257,1e-07,0.875742574257,1e-07,0.875742574257,1e-07
eg2310,DCE,1.0,10,0.875742574257,1e-07,0.875742574257,1e-07,0.875742574257,1e-07
eg2309,DCE,1.0,10,0.875742574257,1e-07,0.875742574257,1e-07,0.875742574257,1e-07
eg2308,DCE,1.0,10,0.875742574257,1e-07,0.875742574257,1e-07,0.875742574257,1e-07
eg2307,DCE,1.0,10,0.875742574257,1e-07,0.875742574257,1e-07,0.875742574257,1e-07
eg2306,DCE,1.0,10,0.875742574257,1e-07,0.875742574257,1e-07,0.875742574257,1e-07
eg2305,DCE,1.0,10,0.875742574257,1e-07,0.875742574257,1e-07,0.875742574257,1e-07
eg2304,DCE,1.0,10,0.875742574257,1e-07,0.875742574257,1e-07,0.875742574257,1e-07
eg2303,DCE,1.0,10,0.875742574257,1e-07,0.875742574257,1e-07,0.875742574257,1e-07
eg2302,DCE,1.0,10,0.875742574257,1e-07,0.875742574257,1e-07,0.875742574257,1e-07
eg2301,DCE,1.0,10,0.875742574257,1e-07,0.875742574257,1e-07,0.875742574257,1e-07
eg2212,DCE,1.0,10,0.875742574257,1e-07,0.875742574257,1e-07,0.875742574257,1e-07
eg,DCE,1.0,10,0.875742574257,1e-07,0.875742574257,1e-07,0.875742574257,1e-07
eb2311,DCE,1.0,5,0.875742574257,1e-07,0.875742574257,1e-07,0.875742574257,1e-07
eb2310,DCE,1.0,5,0.875742574257,1e-07,0.875742574257,1e-07,0.875742574257,1e-07
eb2309,DCE,1.0,5,0.875742574257,1e-07,0.875742574257,1e-07,0.875742574257,1e-07
eb2308,DCE,1.0,5,0.875742574257,1e-07,0.875742574257,1e-07,0.875742574257,1e-07
eb2307,DCE,1.0,5,0.875742574257,1e-07,0.875742574257,1e-07,0.875742574257,1e-07
eb2306,DCE,1.0,5,0.875742574257,1e-07,0.875742574257,1e-07,0.875742574257,1e-07
eb2305,DCE,1.0,5,0.875742574257,1e-07,0.875742574257,1e-07,0.875742574257,1e-07
eb2304,DCE,1.0,5,0.875742574257,1e-07,0.875742574257,1e-07,0.875742574257,1e-07
eb2303,DCE,1.0,5,0.875742574257,1e-07,0.875742574257,1e-07,0.875742574257,1e-07
eb2302,DCE,1.0,5,0.875742574257,1e-07,0.875742574257,1e-07,0.875742574257,1e-07
eb2301,DCE,1.0,5,0.875742574257,1e-07,0.875742574257,1e-07,0.875742574257,1e-07
eb2212,DCE,1.0,5,0.875742574257,1e-07,0.875742574257,1e-07,0.875742574257,1e-07
eb,DCE,1.0,5,0.875742574257,1e-07,0.875742574257,1e-07,0.875742574257,1e-07
cs2311,DCE,1.0,10,0.997524752475,1e-07,0.997524752475,1e-07,0.997524752475,1e-07
cs2309,DCE,1.0,10,0.997524752475,1e-07,0.997524752475,1e-07,0.997524752475,1e-07
cs2307,DCE,1.0,10,0.997524752475,1e-07,0.997524752475,1e-07,0.997524752475,1e-07
cs2305,DCE,1.0,10,0.997524752475,1e-07,0.997524752475,1e-07,0.997524752475,1e-07
cs2303,DCE,1.0,10,0.997524752475,1e-07,0.997524752475,1e-07,0.997524752475,1e-07
cs2301,DCE,1.0,10,0.997524752475,1e-07,0.997524752475,1e-07,0.997524752475,1e-07
cs,DCE,1.0,10,0.997524752475,1e-07,0.997524752475,1e-07,0.997524752475,1e-07
c2311,DCE,1.0,10,1.25,1e-07,1.25,1e-07,1.25,1e-07
c2309,DCE,1.0,10,1.25,1e-07,1.25,1e-07,1.25,1e-07
c2307,DCE,1.0,10,1.25,1e-07,1.25,1e-07,1.25,1e-07
c2305,DCE,1.0,10,1.25,1e-07,1.25,1e-07,1.25,1e-07
c2303,DCE,1.0,10,1.25,1e-07,1.25,1e-07,1.25,1e-07
c2301,DCE,1.0,10,1.25,1e-07,1.25,1e-07,1.25,1e-07
c,DCE,1.0,10,1.25,1e-07,1.25,1e-07,1.25,1e-07
bb2312,DCE,0.05,500,0.0321782178218,6.44564356436e-05,0.0321782178218,6.44564356436e-05,0.0321782178218,6.44564356436e-05
bb2311,DCE,0.05,500,0.0321782178218,6.44564356436e-05,0.0321782178218,6.44564356436e-05,0.0321782178218,6.44564356436e-05
bb2310,DCE,0.05,500,0.0321782178218,6.44564356436e-05,0.0321782178218,6.44564356436e-05,0.0321782178218,6.44564356436e-05
bb2309,DCE,0.05,500,0.0321782178218,6.44564356436e-05,0.0321782178218,6.44564356436e-05,0.0321782178218,6.44564356436e-05
bb2308,DCE,0.05,500,0.0321782178218,6.44564356436e-05,0.0321782178218,6.44564356436e-05,0.0321782178218,6.44564356436e-05
bb2307,DCE,0.05,500,0.0321782178218,6.44564356436e-05,0.0321782178218,6.44564356436e-05,0.0321782178218,6.44564356436e-05
bb2306,DCE,0.05,500,0.0321782178218,6.44564356436e-05,0.0321782178218,6.44564356436e-05,0.0321782178218,6.44564356436e-05
bb2305,DCE,0.05,500,0.0321782178218,6.44564356436e-05,0.0321782178218,6.44564356436e-05,0.0321782178218,6.44564356436e-05
bb2304,DCE,0.05,500,0.0321782178218,6.44564356436e-05,0.0321782178218,6.44564356436e-05,0.0321782178218,6.44564356436e-05
bb2303,DCE,0.05,500,0.0321782178218,6.44564356436e-05,0.0321782178218,6.44564356436e-05,0.0321782178218,6.44564356436e-05
bb2302,DCE,0.05,500,0.0321782178218,6.44564356436e-05,0.0321782178218,6.44564356436e-05,0.0321782178218,6.44564356436e-05
bb2301,DCE,0.05,500,0.0321782178218,6.44564356436e-05,0.0321782178218,6.44564356436e-05,0.0321782178218,6.44564356436e-05
bb,DCE,0.05,500,0.0321782178218,6.44564356436e-05,0.0321782178218,6.44564356436e-05,0.0321782178218,6.44564356436e-05
b2312,DCE,1.0,10,0.675742574257,1e-07,0.675742574257,1e-07,0.675742574257,1e-07
b2311,DCE,1.0,10,0.675742574257,1e-07,0.675742574257,1e-07,0.675742574257,1e-07
b2310,DCE,1.0,10,0.675742574257,1e-07,0.675742574257,1e-07,0.675742574257,1e-07
b2309,DCE,1.0,10,0.675742574257,1e-07,0.675742574257,1e-07,0.675742574257,1e-07
b2308,DCE,1.0,10,0.675742574257,1e-07,0.675742574257,1e-07,0.675742574257,1e-07
b2307,DCE,1.0,10,0.675742574257,1e-07,0.675742574257,1e-07,0.675742574257,1e-07
b2306,DCE,1.0,10,0.675742574257,1e-07,0.675742574257,1e-07,0.675742574257,1e-07
b2305,DCE,1.0,10,0.675742574257,1e-07,0.675742574257,1e-07,0.675742574257,1e-07
b2304,DCE,1.0,10,0.675742574257,1e-07,0.675742574257,1e-07,0.675742574257,1e-07
b2303,DCE,1.0,10,0.675742574257,1e-07,0.675742574257,1e-07,0.675742574257,1e-07
b2302,DCE,1.0,10,0.675742574257,1e-07,0.675742574257,1e-07,0.675742574257,1e-07
b2301,DCE,1.0,10,0.675742574257,1e-07,0.675742574257,1e-07,0.675742574257,1e-07
b,DCE,1.0,10,0.675742574257,1e-07,0.675742574257,1e-07,0.675742574257,1e-07
a2311,DCE,1.0,10,1.68465346535,1e-07,1.68465346535,1e-07,1.68465346535,1e-07
a2309,DCE,1.0,10,1.68465346535,1e-07,1.68465346535,1e-07,1.68465346535,1e-07
a2307,DCE,1.0,10,1.68465346535,1e-07,1.68465346535,1e-07,1.68465346535,1e-07
a2305,DCE,1.0,10,1.68465346535,1e-07,1.68465346535,1e-07,1.68465346535,1e-07
a2303,DCE,1.0,10,1.68465346535,1e-07,1.68465346535,1e-07,1.68465346535,1e-07
a2301,DCE,1.0,10,1.68465346535,1e-07,1.68465346535,1e-07,1.68465346535,1e-07
a,DCE,1.0,10,1.68465346535,1e-07,1.68465346535,1e-07,1.68465346535,1e-07
ZC312,CZCE,0.2,100,151.5,1e-07,151.5,1e-07,151.5,1e-07
ZC311,CZCE,0.2,100,151.5,1e-07,151.5,1e-07,151.5,1e-07
ZC310,CZCE,0.2,100,151.5,1e-07,151.5,1e-07,151.5,1e-07
ZC309,CZCE,0.2,100,151.5,1e-07,151.5,1e-07,151.5,1e-07
ZC308,CZCE,0.2,100,151.5,1e-07,151.5,1e-07,151.5,1e-07
ZC307,CZCE,0.2,100,151.5,1e-07,151.5,1e-07,151.5,1e-07
ZC306,CZCE,0.2,100,151.5,1e-07,151.5,1e-07,151.5,1e-07
ZC305,CZCE,0.2,100,151.5,1e-07,151.5,1e-07,151.5,1e-07
ZC304,CZCE,0.2,100,151.5,1e-07,151.5,1e-07,151.5,1e-07
ZC303,CZCE,0.2,100,151.5,1e-07,151.5,1e-07,151.5,1e-07
ZC302,CZCE,0.2,100,151.5,1e-07,151.5,1e-07,151.5,1e-07
ZC301,CZCE,0.2,100,151.5,1e-07,151.5,1e-07,151.5,1e-07
ZC,CZCE,0.2,100,151.5,1e-07,151.5,1e-07,151.5,1e-07
WH311,CZCE,1.0,20,22.2,1e-07,22.2,1e-07,22.2,1e-07
WH309,CZCE,1.0,20,22.2,1e-07,22.2,1e-07,22.2,1e-07
WH307,CZCE,1.0,20,22.2,1e-07,22.2,1e-07,22.2,1e-07
WH305,CZCE,1.0,20,22.2,1e-07,22.2,1e-07,22.2,1e-07
WH303,CZCE,1.0,20,22.2,1e-07,22.2,1e-07,22.2,1e-07
WH301,CZCE,1.0,20,22.2,1e-07,22.2,1e-07,22.2,1e-07
WH,CZCE,1.0,20,22.2,1e-07,22.2,1e-07,22.2,1e-07
UR312,CZCE,1.0,20,3.1375,1e-07,3.1375,1e-07,3.1375,1e-07
UR311,CZCE,1.0,20,3.1375,1e-07,3.1375,1e-07,3.1375,1e-07
UR310,CZCE,1.0,20,3.1375,1e-07,3.1375,1e-07,3.1375,1e-07
UR309,CZCE,1.0,20,3.1375,1e-07,3.1375,1e-07,3.1375,1e-07
UR308,CZCE,1.0,20,3.1375,1e-07,3.1375,1e-07,3.1375,1e-07
UR307,CZCE,1.0,20,3.1375,1e-07,3.1375,1e-07,3.1375,1e-07
UR306,CZCE,1.0,20,3.1375,1e-07,3.1375,1e-07,3.1375,1e-07
UR305,CZCE,1.0,20,3.1375,1e-07,3.1375,1e-07,3.1375,1e-07
UR304,CZCE,1.0,20,3.1375,1e-07,3.1375,1e-07,3.1375,1e-07
UR303,CZCE,1.0,20,3.1375,1e-07,3.1375,1e-07,3.1375,1e-07
UR302,CZCE,1.0,20,3.1375,1e-07,3.1375,1e-07,3.1375,1e-07
UR301,CZCE,1.0,20,3.1375,1e-07,3.1375,1e-07,3.1375,1e-07
UR,CZCE,1.0,20,3.1375,1e-07,3.1375,1e-07,3.1375,1e-07
TA312,CZCE,2.0,5,1.1535,1e-07,1.1535,1e-07,0.0,1e-07
TA311,CZCE,2.0,5,1.1535,1e-07,1.1535,1e-07,0.0,1e-07
TA310,CZCE,2.0,5,1.1535,1e-07,1.1535,1e-07,0.0,1e-07
TA309,CZCE,2.0,5,1.1535,1e-07,1.1535,1e-07,0.0,1e-07
TA308,CZCE,2.0,5,1.1535,1e-07,1.1535,1e-07,0.0,1e-07
TA307,CZCE,2.0,5,1.1535,1e-07,1.1535,1e-07,0.0,1e-07
TA306,CZCE,2.0,5,1.1535,1e-07,1.1535,1e-07,0.0,1e-07
TA305,CZCE,2.0,5,1.1535,1e-07,1.1535,1e-07,0.0,1e-07
TA304,CZCE,2.0,5,1.1535,1e-07,1.1535,1e-07,0.0,1e-07
TA303,CZCE,2.0,5,1.1535,1e-07,1.1535,1e-07,0.0,1e-07
TA302,CZCE,2.0,5,1.1535,1e-07,1.1535,1e-07,0.0,1e-07
TA301,CZCE,2.0,5,1.1535,1e-07,1.1535,1e-07,1.1535,1e-07
TA,CZCE,2.0,5,1.1535,1e-07,1.1535,1e-07,0.0,1e-07
SR311,CZCE,1.0,10,1.2885,1e-07,1.2885,1e-07,0.0,1e-07
SR309,CZCE,1.0,10,1.2885,1e-07,1.2885,1e-07,0.0,1e-07
SR307,CZCE,1.0,10,1.2885,1e-07,1.2885,1e-07,0.0,1e-07
SR305,CZCE,1.0,10,1.2885,1e-07,1.2885,1e-07,0.0,1e-07
SR303,CZCE,1.0,10,1.2885,1e-07,1.2885,1e-07,0.0,1e-07
SR301,CZCE,1.0,10,1.2885,1e-07,1.2885,1e-07,0.0,1e-07
SR,CZCE,1.0,10,1.2885,1e-07,1.2885,1e-07,0.0,1e-07
SM312,CZCE,2.0,5,1.1535,1e-07,1.1535,1e-07,0.0,1e-07
SM311,CZCE,2.0,5,1.1535,1e-07,1.1535,1e-07,0.0,1e-07
SM310,CZCE,2.0,5,1.1535,1e-07,1.1535,1e-07,0.0,1e-07
SM309,CZCE,2.0,5,1.1535,1e-07,1.1535,1e-07,0.0,1e-07
SM308,CZCE,2.0,5,1.1535,1e-07,1.1535,1e-07,0.0,1e-07
SM307,CZCE,2.0,5,1.1535,1e-07,1.1535,1e-07,0.0,1e-07
SM306,CZCE,2.0,5,1.1535,1e-07,1.1535,1e-07,0.0,1e-07
SM305,CZCE,2.0,5,1.1535,1e-07,1.1535,1e-07,0.0,1e-07
SM304,CZCE,2.0,5,1.1535,1e-07,1.1535,1e-07,0.0,1e-07
SM303,CZCE,2.0,5,1.1535,1e-07,1.1535,1e-07,0.0,1e-07
SM302,CZCE,2.0,5,1.1535,1e-07,1.1535,1e-07,0.0,1e-07
SM301,CZCE,2.0,5,1.1535,1e-07,1.1535,1e-07,0.0,1e-07
SM,CZCE,2.0,5,1.1535,1e-07,1.1535,1e-07,0.0,1e-07
SF312,CZCE,2.0,5,1.1535,1e-07,1.1535,1e-07,0.0,1e-07
SF311,CZCE,2.0,5,1.1535,1e-07,1.1535,1e-07,0.0,1e-07
SF310,CZCE,2.0,5,1.1535,1e-07,1.1535,1e-07,0.0,1e-07
SF309,CZCE,2.0,5,1.1535,1e-07,1.1535,1e-07,0.0,1e-07
SF308,CZCE,2.0,5,1.1535,1e-07,1.1535,1e-07,0.0,1e-07
SF307,CZCE,2.0,5,1.1535,1e-07,1.1535,1e-07,0.0,1e-07
SF306,CZCE,2.0,5,1.1535,1e-07,1.1535,1e-07,0.0,1e-07
SF305,CZCE,2.0,5,1.1535,1e-07,1.1535,1e-07,0.0,1e-07
SF304,CZCE,2.0,5,1.1535,1e-07,1.1535,1e-07,0.0,1e-07
SF303,CZCE,2.0,5,1.1535,1e-07,1.1535,1e-07,0.0,1e-07
SF302,CZCE,2.0,5,1.1535,1e-07,1.1535,1e-07,0.0,1e-07
SF301,CZCE,2.0,5,1.1535,1e-07,1.1535,1e-07,0.0,1e-07
SF,CZCE,2.0,5,1.1535,1e-07,1.1535,1e-07,0.0,1e-07
SA312,CZCE,1.0,20,1.34575,1e-07,1.34575,1e-07,0.0,1e-07
SA311,CZCE,1.0,20,1.34575,1e-07,1.34575,1e-07,0.0,1e-07
SA310,CZCE,1.0,20,1.34575,1e-07,1.34575,1e-07,0.0,1e-07
SA309,CZCE,1.0,20,1.34575,1e-07,1.34575,1e-07,0.0,1e-07
SA308,CZCE,1.0,20,1.34575,1e-07,1.34575,1e-07,0.0,1e-07
SA307,CZCE,1.0,20,1.34575,1e-07,1.34575,1e-07,0.0,1e-07
SA306,CZCE,1.0,20,1.34575,1e-07,1.34575,1e-07,0.0,1e-07
SA305,CZCE,1.0,20,1.34575,1e-07,1.34575,1e-07,1.34575,1e-07
SA304,CZCE,1.0,20,1.34575,1e-07,1.34575,1e-07,0.0,1e-07
SA303,CZCE,1.0,20,1.34575,1e-07,1.34575,1e-07,0.0,1e-07
SA302,CZCE,1.0,20,1.34575,1e-07,1.34575,1e-07,0.0,1e-07
SA301,CZCE,1.0,20,1.34575,1e-07,1.34575,1e-07,1.34575,1e-07
SA,CZCE,1.0,20,1.34575,1e-07,1.34575,1e-07,0.0,1e-07
RS311,CZCE,1.0,10,1.48,1e-07,1.48,1e-07,1.48,1e-07
RS309,CZCE,1.0,10,1.48,1e-07,1.48,1e-07,1.48,1e-07
RS308,CZCE,1.0,10,1.48,1e-07,1.48,1e-07,1.48,1e-07
RS307,CZCE,1.0,10,1.48,1e-07,1.48,1e-07,1.48,1e-07
RS,CZCE,1.0,10,1.48,1e-07,1.48,1e-07,1.48,1e-07
RM311,CZCE,1.0,10,0.975,1e-07,0.975,1e-07,0.975,1e-07
RM309,CZCE,1.0,10,0.975,1e-07,0.975,1e-07,0.975,1e-07
RM308,CZCE,1.0,10,0.975,1e-07,0.975,1e-07,0.975,1e-07
RM307,CZCE,1.0,10,0.975,1e-07,0.975,1e-07,0.975,1e-07
RM305,CZCE,1.0,10,0.975,1e-07,0.975,1e-07,0.975,1e-07
RM303,CZCE,1.0,10,0.975,1e-07,0.975,1e-07,0.975,1e-07
RM301,CZCE,1.0,10,0.975,1e-07,0.975,1e-07,0.975,1e-07
RM,CZCE,1.0,10,0.975,1e-07,0.975,1e-07,0.975,1e-07
RI311,CZCE,1.0,20,1.85,1e-07,1.85,1e-07,1.85,1e-07
RI309,CZCE,1.0,20,1.85,1e-07,1.85,1e-07,1.85,1e-07
RI307,CZCE,1.0,20,1.85,1e-07,1.85,1e-07,1.85,1e-07
RI305,CZCE,1.0,20,1.85,1e-07,1.85,1e-07,1.85,1e-07
RI303,CZCE,1.0,20,1.85,1e-07,1.85,1e-07,1.85,1e-07
RI301,CZCE,1.0,20,1.85,1e-07,1.85,1e-07,1.85,1e-07
RI,CZCE,1.0,20,1.85,1e-07,1.85,1e-07,1.85,1e-07
PM311,CZCE,1.0,50,22.2,1e-07,22.2,1e-07,22.2,1e-07
PM309,CZCE,1.0,50,22.2,1e-07,22.2,1e-07,22.2,1e-07
PM307,CZCE,1.0,50,22.2,1e-07,22.2,1e-07,22.2,1e-07
PM305,CZCE,1.0,50,22.2,1e-07,22.2,1e-07,22.2,1e-07
PM303,CZCE,1.0,50,22.2,1e-07,22.2,1e-07,22.2,1e-07
PM301,CZCE,1.0,50,22.2,1e-07,22.2,1e-07,22.2,1e-07
PM,CZCE,1.0,50,22.2,1e-07,22.2,1e-07,22.2,1e-07
PK312,CZCE,2.0,5,1.844,1e-07,1.844,1e-07,1.844,1e-07
PK311,CZCE,2.0,5,1.844,1e-07,1.844,1e-07,1.844,1e-07
PK310,CZCE,2.0,5,1.844,1e-07,1.844,1e-07,1.844,1e-07
PK304,CZCE,2.0,5,1.844,1e-07,1.844,1e-07,1.844,1e-07
PK303,CZCE,2.0,5,1.844,1e-07,1.844,1e-07,1.844,1e-07
PK301,CZCE,2.0,5,1.844,1e-07,1.844,1e-07,1.844,1e-07
PK,CZCE,2.0,5,1.844,1e-07,1.844,1e-07,1.844,1e-07
PF312,CZCE,2.0,5,1.1535,1e-07,1.1535,1e-07,1.1535,1e-07
PF311,CZCE,2.0,5,1.1535,1e-07,1.1535,1e-07,1.1535,1e-07
PF310,CZCE,2.0,5,1.1535,1e-07,1.1535,1e-07,1.1535,1e-07
PF309,CZCE,2.0,5,1.1535,1e-07,1.1535,1e-07,1.1535,1e-07
PF308,CZCE,2.0,5,1.1535,1e-07,1.1535,1e-07,1.1535,1e-07
PF307,CZCE,2.0,5,1.1535,1e-07,1.1535,1e-07,1.1535,1e-07
PF306,CZCE,2.0,5,1.1535,1e-07,1.1535,1e-07,1.1535,1e-07
PF305,CZCE,2.0,5,1.1535,1e-07,1.1535,1e-07,1.1535,1e-07
PF304,CZCE,2.0,5,1.1535,1e-07,1.1535,1e-07,1.1535,1e-07
PF303,CZCE,2.0,5,1.1535,1e-07,1.1535,1e-07,1.1535,1e-07
PF302,CZCE,2.0,5,1.1535,1e-07,1.1535,1e-07,1.1535,1e-07
PF301,CZCE,2.0,5,1.1535,1e-07,1.1535,1e-07,1.1535,1e-07
PF,CZCE,2.0,5,1.1535,1e-07,1.1535,1e-07,1.1535,1e-07
OI311,CZCE,1.0,10,0.769,1e-07,0.769,1e-07,0.769,1e-07
OI309,CZCE,1.0,10,0.769,1e-07,0.769,1e-07,0.769,1e-07
OI307,CZCE,1.0,10,0.769,1e-07,0.769,1e-07,0.769,1e-07
OI305,CZCE,1.0,10,0.769,1e-07,0.769,1e-07,0.769,1e-07
OI303,CZCE,1.0,10,0.769,1e-07,0.769,1e-07,0.769,1e-07
OI301,CZCE,1.0,10,0.769,1e-07,0.769,1e-07,0.769,1e-07
OI,CZCE,1.0,10,0.769,1e-07,0.769,1e-07,0.769,1e-07
MA312,CZCE,1.0,10,0.859,1e-07,0.859,1e-07,0.859,1e-07
MA311,CZCE,1.0,10,0.859,1e-07,0.859,1e-07,0.859,1e-07
MA310,CZCE,1.0,10,0.859,1e-07,0.859,1e-07,0.859,1e-07
MA309,CZCE,1.0,10,0.859,1e-07,0.859,1e-07,0.859,1e-07
MA308,CZCE,1.0,10,0.859,1e-07,0.859,1e-07,0.859,1e-07
MA307,CZCE,1.0,10,0.859,1e-07,0.859,1e-07,0.859,1e-07
MA306,CZCE,1.0,10,0.859,1e-07,0.859,1e-07,0.859,1e-07
MA305,CZCE,1.0,10,0.859,1e-07,0.859,1e-07,0.859,1e-07
MA304,CZCE,1.0,10,0.859,1e-07,0.859,1e-07,0.859,1e-07
MA303,CZCE,1.0,10,0.859,1e-07,0.859,1e-07,0.859,1e-07
MA302,CZCE,1.0,10,0.859,1e-07,0.859,1e-07,0.859,1e-07
MA301,CZCE,1.0,10,0.859,1e-07,0.859,1e-07,0.859,1e-07
MA,CZCE,1.0,10,0.859,1e-07,0.859,1e-07,0.859,1e-07
LR311,CZCE,1.0,20,2.22,1e-07,2.22,1e-07,2.22,1e-07
LR309,CZCE,1.0,20,2.22,1e-07,2.22,1e-07,2.22,1e-07
LR307,CZCE,1.0,20,2.22,1e-07,2.22,1e-07,2.22,1e-07
LR305,CZCE,1.0,20,2.22,1e-07,2.22,1e-07,2.22,1e-07
LR303,CZCE,1.0,20,2.22,1e-07,2.22,1e-07,2.22,1e-07
LR301,CZCE,1.0,20,2.22,1e-07,2.22,1e-07,2.22,1e-07
LR,CZCE,1.0,20,2.22,1e-07,2.22,1e-07,2.22,1e-07
JR311,CZCE,1.0,20,2.22,1e-07,2.22,1e-07,2.22,1e-07
JR309,CZCE,1.0,20,2.22,1e-07,2.22,1e-07,2.22,1e-07
JR307,CZCE,1.0,20,2.22,1e-07,2.22,1e-07,2.22,1e-07
JR305,CZCE,1.0,20,2.22,1e-07,2.22,1e-07,2.22,1e-07
JR303,CZCE,1.0,20,2.22,1e-07,2.22,1e-07,2.22,1e-07
JR301,CZCE,1.0,20,2.22,1e-07,2.22,1e-07,2.22,1e-07
JR,CZCE,1.0,20,2.22,1e-07,2.22,1e-07,2.22,1e-07
FG312,CZCE,1.0,20,2.226,1e-07,2.226,1e-07,2.226,1e-07
FG311,CZCE,1.0,20,2.226,1e-07,2.226,1e-07,2.226,1e-07
FG310,CZCE,1.0,20,2.226,1e-07,2.226,1e-07,2.226,1e-07
FG309,CZCE,1.0,20,2.226,1e-07,2.226,1e-07,2.226,1e-07
FG308,CZCE,1.0,20,2.226,1e-07,2.226,1e-07,2.226,1e-07
FG307,CZCE,1.0,20,2.226,1e-07,2.226,1e-07,2.226,1e-07
FG306,CZCE,1.0,20,2.226,1e-07,2.226,1e-07,2.226,1e-07
FG305,CZCE,1.0,20,2.226,1e-07,2.226,1e-07,2.226,1e-07
FG304,CZCE,1.0,20,2.226,1e-07,2.226,1e-07,2.226,1e-07
FG303,CZCE,1.0,20,2.226,1e-07,2.226,1e-07,2.226,1e-07
FG302,CZCE,1.0,20,2.226,1e-07,2.226,1e-07,2.226,1e-07
FG301,CZCE,1.0,20,2.226,1e-07,2.226,1e-07,2.226,1e-07
FG,CZCE,1.0,20,2.226,1e-07,2.226,1e-07,2.226,1e-07
CY312,CZCE,5.0,5,2.96,1e-07,2.96,1e-07,0.0,1e-07
CY311,CZCE,5.0,5,2.96,1e-07,2.96,1e-07,0.0,1e-07
CY310,CZCE,5.0,5,2.96,1e-07,2.96,1e-07,0.0,1e-07
CY309,CZCE,5.0,5,2.96,1e-07,2.96,1e-07,0.0,1e-07
CY308,CZCE,5.0,5,2.96,1e-07,2.96,1e-07,0.0,1e-07
CY307,CZCE,5.0,5,2.96,1e-07,2.96,1e-07,0.0,1e-07
CY306,CZCE,5.0,5,2.96,1e-07,2.96,1e-07,0.0,1e-07
CY305,CZCE,5.0,5,2.96,1e-07,2.96,1e-07,0.0,1e-07
CY304,CZCE,5.0,5,2.96,1e-07,2.96,1e-07,0.0,1e-07
CY303,CZCE,5.0,5,2.96,1e-07,2.96,1e-07,0.0,1e-07
CY302,CZCE,5.0,5,2.96,1e-07,2.96,1e-07,0.0,1e-07
CY301,CZCE,5.0,5,2.96,1e-07,2.96,1e-07,0.0,1e-07
CY,CZCE,5.0,5,2.96,1e-07,2.96,1e-07,0.0,1e-07
CJ312,CZCE,5.0,5,3.03,1e-07,3.03,1e-07,3.03,1e-07
CJ309,CZCE,5.0,5,3.03,1e-07,3.03,1e-07,3.03,1e-07
CJ307,CZCE,5.0,5,3.03,1e-07,3.03,1e-07,3.03,1e-07
CJ305,CZCE,5.0,5,3.03,1e-07,3.03,1e-07,3.03,1e-07
CJ303,CZCE,5.0,5,3.03,1e-07,3.03,1e-07,3.03,1e-07
CJ301,CZCE,5.0,5,3.03,1e-07,3.03,1e-07,3.03,1e-07
CJ,CZCE,5.0,5,3.03,1e-07,3.03,1e-07,3.03,1e-07
CF311,CZCE,5.0,5,1.65335,1e-07,1.65335,1e-07,0.0,1e-07
CF309,CZCE,5.0,5,1.65335,1e-07,1.65335,1e-07,0.0,1e-07
CF307,CZCE,5.0,5,1.65335,1e-07,1.65335,1e-07,0.0,1e-07
CF305,CZCE,5.0,5,1.65335,1e-07,1.65335,1e-07,0.0,1e-07
CF303,CZCE,5.0,5,1.65335,1e-07,1.65335,1e-07,0.0,1e-07
CF301,CZCE,5.0,5,1.65335,1e-07,1.65335,1e-07,0.0,1e-07
CF,CZCE,5.0,5,1.65335,1e-07,1.65335,1e-07,0.0,1e-07
AP312,CZCE,1.0,10,3.475,1e-07,3.475,1e-07,3.475,1e-07
AP311,CZCE,1.0,10,3.475,1e-07,3.475,1e-07,3.475,1e-07
AP310,CZCE,1.0,10,3.475,1e-07,3.475,1e-07,3.475,1e-07
AP305,CZCE,1.0,10,3.475,1e-07,3.475,1e-07,3.475,1e-07
AP304,CZCE,1.0,10,3.475,1e-07,3.475,1e-07,3.475,1e-07
AP303,CZCE,1.0,10,3.475,1e-07,3.475,1e-07,3.475,1e-07
AP301,CZCE,1.0,10,3.475,1e-07,3.475,1e-07,3.475,1e-07
AP,CZCE,1.0,10,3.475,1e-07,3.475,1e-07,3.475,1e-07
TS2309,CFFEX,0.005,20000,3.03,1e-07,3.03,1e-07,0.0,1e-07
TS2306,CFFEX,0.005,20000,3.03,1e-07,3.03,1e-07,0.0,1e-07
TS2303,CFFEX,0.005,20000,3.03,1e-07,3.03,1e-07,0.0,1e-07
TS,CFFEX,0.005,20000,3.03,1e-07,3.03,1e-07,0.0,1e-07
TF2309,CFFEX,0.005,10000,3.03,1e-07,3.03,1e-07,0.0,1e-07
TF2306,CFFEX,0.005,10000,3.03,1e-07,3.03,1e-07,0.0,1e-07
TF2303,CFFEX,0.005,10000,3.03,1e-07,3.03,1e-07,0.0,1e-07
TF,CFFEX,0.005,10000,3.03,1e-07,3.03,1e-07,0.0,1e-07
T2309,CFFEX,0.005,10000,3.03,1e-07,3.03,1e-07,0.0,1e-07
T2306,CFFEX,0.005,10000,3.03,1e-07,3.03,1e-07,0.0,1e-07
T2303,CFFEX,0.005,10000,3.03,1e-07,3.03,1e-07,0.0,1e-07
T,CFFEX,0.005,10000,3.03,1e-07,3.03,1e-07,0.0,1e-07
IM2306,CFFEX,0.2,200,0.0,2.4e-05,0.0,2.4e-05,0.0,2.4e-05
IM2303,CFFEX,0.2,200,0.0,2.4e-05,0.0,2.4e-05,0.0,2.4e-05
IM2302,CFFEX,0.2,200,0.0,2.4e-05,0.0,2.4e-05,0.0,2.4e-05
IM2301,CFFEX,0.2,200,0.0,2.4e-05,0.0,2.4e-05,0.0,2.4e-05
IM,CFFEX,0.2,200,0.0,2.4e-05,0.0,2.4e-05,0.0,2.4e-05
IH2306,CFFEX,0.2,300,0.0,2.4e-05,0.0,2.4e-05,0.0,2.4e-05
IH2303,CFFEX,0.2,300,0.0,2.4e-05,0.0,2.4e-05,0.0,2.4e-05
IH2302,CFFEX,0.2,300,0.0,2.4e-05,0.0,2.4e-05,0.0,2.4e-05
IH2301,CFFEX,0.2,300,0.0,2.4e-05,0.0,2.4e-05,0.0,2.4e-05
IH,CFFEX,0.2,300,0.0,2.4e-05,0.0,2.4e-05,0.0,2.4e-05
IF2306,CFFEX,0.2,300,0.0,2.4e-05,0.0,2.4e-05,0.0,2.4e-05
IF2303,CFFEX,0.2,300,0.0,2.4e-05,0.0,2.4e-05,0.0,2.4e-05
IF2302,CFFEX,0.2,300,0.0,2.4e-05,0.0,2.4e-05,0.0,2.4e-05
IF2301,CFFEX,0.2,300,0.0,2.4e-05,0.0,2.4e-05,0.0,2.4e-05
IF,CFFEX,0.2,300,0.0,2.4e-05,0.0,2.4e-05,0.0,2.4e-05
IC2306,CFFEX,0.2,200,0.0,2.4e-05,0.0,2.4e-05,0.0,2.4e-05
IC2303,CFFEX,0.2,200,0.0,2.4e-05,0.0,2.4e-05,0.0,2.4e-05
IC2302,CFFEX,0.2,200,0.0,2.4e-05,0.0,2.4e-05,0.0,2.4e-05
IC2301,CFFEX,0.2,200,0.0,2.4e-05,0.0,2.4e-05,0.0,2.4e-05
IC,CFFEX,0.2,200,0.0,2.4e-05,0.0,2.4e-05,0.0,2.4e-05
Stock,STOCK,0.01,1,0,0.0007,0,0.0007,0,0.0007
